Date,return
2015-01-01,0.0
2015-01-02,0.0
2015-01-05,0.0
2015-01-06,0.0
2015-01-07,0.0
2015-01-08,0.0
2015-01-09,0.0
2015-01-12,0.0
2015-01-13,0.0
2015-01-14,0.0
2015-01-15,0.0
2015-01-16,0.0
2015-01-19,0.0
2015-01-20,0.0
2015-01-21,0.0
2015-01-22,0.0
2015-01-23,0.0
2015-01-27,0.0
2015-01-28,0.0
2015-01-29,0.0
2015-01-30,0.0
2015-02-02,0.0
2015-02-03,0.0
2015-02-04,0.0
2015-02-05,0.0
2015-02-06,0.0
2015-02-09,0.0
2015-02-10,0.0
2015-02-11,0.0
2015-02-12,0.0
2015-02-13,0.0
2015-02-16,0.0
2015-02-18,0.0
2015-02-19,0.0
2015-02-20,0.0
2015-02-23,0.0
2015-02-24,0.0
2015-02-25,0.0
2015-02-26,0.0
2015-02-27,0.0
2015-03-02,0.0
2015-03-03,0.0
2015-03-04,0.0
2015-03-05,0.0
2015-03-09,0.0
2015-03-10,0.0
2015-03-11,0.0
2015-03-12,0.0
2015-03-13,0.0
2015-03-16,0.0
2015-03-17,0.0
2015-03-18,0.0
2015-03-19,0.0
2015-03-20,0.0
2015-03-23,0.0
2015-03-24,0.0
2015-03-25,0.0
2015-03-26,0.0
2015-03-27,0.0
2015-03-30,0.0
2015-03-31,0.0
2015-04-01,0.0
2015-04-06,0.0
2015-04-07,0.0
2015-04-08,0.0
2015-04-09,0.0
2015-04-10,0.0
2015-04-13,0.0
2015-04-15,0.0
2015-04-16,0.0
2015-04-17,0.0
2015-04-20,0.0
2015-04-21,0.0
2015-04-22,0.0
2015-04-23,0.0
2015-04-24,0.0
2015-04-27,0.0
2015-04-28,0.0
2015-04-29,0.0
2015-04-30,0.0
2015-05-04,0.0
2015-05-05,0.0
2015-05-06,0.0
2015-05-07,0.0
2015-05-08,0.0
2015-05-11,0.0
2015-05-12,0.0
2015-05-13,0.0
2015-05-14,0.0
2015-05-15,0.0
2015-05-18,0.0
2015-05-19,0.0
2015-05-20,0.0
2015-05-21,0.0
2015-05-22,0.0
2015-05-25,0.0
2015-05-26,0.0
2015-05-27,0.0
2015-05-28,0.0
2015-05-29,0.0
2015-06-01,0.0
2015-06-02,0.0
2015-06-03,0.0
2015-06-04,0.0
2015-06-05,0.0
2015-06-08,0.0
2015-06-09,0.0
2015-06-10,0.0
2015-06-11,0.0
2015-06-12,0.0
2015-06-15,0.0
2015-06-16,0.0
2015-06-17,0.0
2015-06-18,0.0
2015-06-19,0.0
2015-06-22,0.0
2015-06-23,0.0
2015-06-24,0.0
2015-06-25,0.0
2015-06-26,0.0
2015-06-29,0.0
2015-06-30,0.0
2015-07-01,0.0
2015-07-02,0.0
2015-07-03,0.0
2015-07-06,0.0
2015-07-07,0.0
2015-07-08,0.0
2015-07-09,0.0
2015-07-10,0.0
2015-07-13,0.0
2015-07-14,0.0
2015-07-15,0.0
2015-07-16,0.0
2015-07-17,0.0
2015-07-20,0.0
2015-07-21,0.0
2015-07-22,0.0
2015-07-23,0.0
2015-07-24,0.0
2015-07-27,0.0
2015-07-28,0.0
2015-07-29,0.0
2015-07-30,0.0
2015-07-31,0.0
2015-08-03,0.0
2015-08-04,0.0
2015-08-05,0.0
2015-08-06,0.0
2015-08-07,0.0
2015-08-10,0.0
2015-08-11,0.0
2015-08-12,0.0
2015-08-13,0.0
2015-08-14,0.0
2015-08-17,0.0
2015-08-18,0.0
2015-08-19,0.0
2015-08-20,0.0
2015-08-21,0.0
2015-08-24,0.0
2015-08-25,0.0
2015-08-26,0.0
2015-08-27,0.0
2015-08-28,0.0
2015-08-31,0.0
2015-09-01,0.0
2015-09-02,0.0
2015-09-03,0.0
2015-09-04,0.0
2015-09-07,0.0
2015-09-08,0.0
2015-09-09,0.0
2015-09-10,0.0
2015-09-11,0.0
2015-09-14,0.0
2015-09-15,0.0
2015-09-16,0.0
2015-09-18,0.0
2015-09-21,0.0
2015-09-22,0.0
2015-09-23,0.0
2015-09-24,0.0
2015-09-28,0.0
2015-09-29,0.0
2015-09-30,0.0
2015-10-01,0.0
2015-10-05,0.0
2015-10-06,0.0
2015-10-07,0.0
2015-10-08,0.0
2015-10-09,0.0
2015-10-12,0.0
2015-10-13,0.0
2015-10-14,0.0
2015-10-15,0.0
2015-10-16,0.0
2015-10-19,0.0
2015-10-20,0.0
2015-10-21,0.0
2015-10-23,0.0
2015-10-26,0.0
2015-10-27,0.0
2015-10-28,0.0
2015-10-29,0.0
2015-10-30,0.0
2015-11-02,0.0
2015-11-03,0.0
2015-11-04,0.0
2015-11-05,0.0
2015-11-06,0.0
2015-11-09,0.0
2015-11-10,0.0
2015-11-13,0.0
2015-11-16,0.0
2015-11-17,0.0
2015-11-18,0.0
2015-11-19,0.0
2015-11-20,0.0
2015-11-23,0.0
2015-11-24,0.0
2015-11-26,0.0
2015-11-27,0.0
2015-11-30,0.0
2015-12-01,0.0
2015-12-02,0.0
2015-12-03,0.0
2015-12-04,0.0
2015-12-07,0.0
2015-12-08,0.0
2015-12-09,0.0
2015-12-10,0.0
2015-12-11,0.0
2015-12-14,0.0
2015-12-15,0.0
2015-12-16,0.0
2015-12-17,0.0
2015-12-18,0.0
2015-12-21,0.0
2015-12-22,0.0
2015-12-23,0.0
2015-12-24,0.0
2015-12-28,0.0
2015-12-29,0.0
2015-12-30,0.0
2015-12-31,0.0
2016-01-01,0.0
2016-01-04,0.0
2016-01-05,0.0
2016-01-06,0.0
2016-01-07,0.0
2016-01-08,0.0
2016-01-11,0.0
2016-01-12,0.0
2016-01-13,0.0
2016-01-14,0.0
2016-01-15,0.0
2016-01-18,0.0
2016-01-19,0.0
2016-01-20,0.0
2016-01-21,0.0
2016-01-22,0.0
2016-01-25,0.0
2016-01-27,0.0
2016-01-28,0.0
2016-01-29,0.0
2016-02-01,0.0
2016-02-02,0.0
2016-02-03,0.0
2016-02-04,0.0
2016-02-05,0.0
2016-02-08,0.0
2016-02-09,0.0
2016-02-10,0.0
2016-02-11,0.0
2016-02-12,0.0
2016-02-15,0.0
2016-02-16,0.0
2016-02-17,0.0
2016-02-18,0.0
2016-02-19,0.0
2016-02-22,0.0
2016-02-23,0.0
2016-02-24,0.0
2016-02-25,0.0
2016-02-26,0.0
2016-02-29,0.0
2016-03-01,0.0
2016-03-02,0.0
2016-03-03,0.0
2016-03-04,0.0
2016-03-08,0.0
2016-03-09,0.0
2016-03-10,0.0
2016-03-11,0.0
2016-03-14,0.0
2016-03-15,0.0
2016-03-16,0.0
2016-03-17,0.0
2016-03-18,0.0
2016-03-21,0.0
2016-03-22,0.0
2016-03-23,0.0
2016-03-28,0.0
2016-03-29,0.0
2016-03-30,0.0
2016-03-31,0.0
2016-04-01,0.0
2016-04-04,0.0
2016-04-05,0.0
2016-04-06,0.0
2016-04-07,0.0
2016-04-08,0.0
2016-04-11,0.0
2016-04-12,0.0
2016-04-13,0.0
2016-04-18,0.0
2016-04-20,0.0
2016-04-21,0.0
2016-04-22,0.0
2016-04-25,0.0
2016-04-26,0.0
2016-04-27,0.0
2016-04-28,0.0
2016-04-29,0.0
2016-05-02,0.0
2016-05-03,0.0
2016-05-04,0.0
2016-05-05,0.0
2016-05-06,0.0
2016-05-09,0.0
2016-05-10,0.0
2016-05-11,0.0
2016-05-12,0.0
2016-05-13,0.0
2016-05-16,0.0
2016-05-17,0.0
2016-05-18,0.0
2016-05-19,0.0
2016-05-20,0.0
2016-05-23,0.0
2016-05-24,0.0
2016-05-25,0.0
2016-05-26,0.0
2016-05-27,0.0
2016-05-30,0.0
2016-05-31,0.0
2016-06-01,0.0
2016-06-02,0.0
2016-06-03,0.0
2016-06-06,0.0
2016-06-07,0.0
2016-06-08,0.0
2016-06-09,0.0
2016-06-10,0.0
2016-06-13,0.0
2016-06-14,0.0
2016-06-15,0.0
2016-06-16,0.0
2016-06-17,0.0
2016-06-20,0.0
2016-06-21,0.0
2016-06-22,0.0
2016-06-23,0.0
2016-06-24,0.0
2016-06-27,0.0
2016-06-28,0.0
2016-06-29,0.0
2016-06-30,0.0
2016-07-01,0.0
2016-07-04,0.0
2016-07-05,0.0
2016-07-07,0.0
2016-07-08,0.0
2016-07-11,0.0
2016-07-12,0.0
2016-07-13,0.0
2016-07-14,0.0
2016-07-15,0.0
2016-07-18,0.0
2016-07-19,0.0
2016-07-20,0.0
2016-07-21,0.0
2016-07-22,0.0
2016-07-25,0.0
2016-07-26,0.0
2016-07-27,0.0
2016-07-28,0.0
2016-07-29,0.0
2016-08-01,0.0
2016-08-02,0.0
2016-08-03,0.0
2016-08-04,0.0
2016-08-05,0.0
2016-08-08,0.0
2016-08-09,0.0
2016-08-10,0.0
2016-08-11,0.0
2016-08-12,0.0
2016-08-16,0.0
2016-08-17,0.0
2016-08-18,0.0
2016-08-19,0.0
2016-08-22,0.0
2016-08-23,0.0
2016-08-24,0.0
2016-08-25,0.0
2016-08-26,0.0
2016-08-29,0.0
2016-08-30,0.0
2016-08-31,0.0
2016-09-01,0.0
2016-09-02,0.0
2016-09-06,0.0
2016-09-07,0.0
2016-09-08,0.0
2016-09-09,0.0
2016-09-12,0.0
2016-09-14,0.0
2016-09-15,0.0
2016-09-16,0.0
2016-09-19,0.0
2016-09-20,0.0
2016-09-21,0.0
2016-09-22,0.0
2016-09-23,0.0
2016-09-26,0.0
2016-09-27,0.0
2016-09-28,0.0
2016-09-29,0.0
2016-09-30,0.0
2016-10-03,0.0
2016-10-04,0.0
2016-10-05,0.0
2016-10-06,0.0
2016-10-07,0.0
2016-10-10,0.0
2016-10-13,0.0
2016-10-14,0.0
2016-10-17,0.0
2016-10-18,0.0
2016-10-19,0.0
2016-10-20,0.0
2016-10-21,0.0
2016-10-24,0.0
2016-10-25,0.0
2016-10-26,0.0
2016-10-27,0.0
2016-10-28,0.0
2016-11-01,0.0
2016-11-02,0.0
2016-11-03,0.0
2016-11-04,0.0
2016-11-07,0.0
2016-11-08,0.0
2016-11-09,0.0
2016-11-10,0.0
2016-11-11,0.0
2016-11-15,0.0
2016-11-16,0.0
2016-11-17,0.0
2016-11-18,0.0
2016-11-21,0.0
2016-11-22,0.0
2016-11-23,0.0
2016-11-24,0.0
2016-11-25,0.0
2016-11-28,0.0
2016-11-29,0.0
2016-11-30,0.0
2016-12-01,0.0
2016-12-02,0.0
2016-12-05,0.0
2016-12-06,0.0
2016-12-07,0.0
2016-12-08,0.0
2016-12-09,0.0
2016-12-12,0.0
2016-12-13,0.0
2016-12-14,0.0
2016-12-15,0.0
2016-12-16,0.0
2016-12-19,0.0
2016-12-20,0.0
2016-12-21,0.0
2016-12-22,0.0
2016-12-23,0.0
2016-12-26,0.0
2016-12-27,0.0
2016-12-28,0.0
2016-12-29,0.0
2016-12-30,0.0
2017-01-02,0.0
2017-01-03,0.0
2017-01-04,0.0
2017-01-05,0.0
2017-01-06,0.0
2017-01-09,0.0
2017-01-10,0.0
2017-01-11,0.0
2017-01-12,0.0
2017-01-13,0.0
2017-01-16,0.0
2017-01-17,0.0
2017-01-18,0.0
2017-01-19,0.0
2017-01-20,0.0
2017-01-23,0.0
2017-01-24,0.0
2017-01-25,0.0
2017-01-27,0.0
2017-01-30,0.0
2017-01-31,0.0
2017-02-01,0.0
2017-02-02,0.0
2017-02-03,0.0
2017-02-06,0.0
2017-02-07,0.0
2017-02-08,0.0
2017-02-09,0.0
2017-02-10,0.0
2017-02-13,0.0
2017-02-14,0.0
2017-02-15,0.0
2017-02-16,0.0
2017-02-17,0.0
2017-02-20,0.0
2017-02-21,0.0
2017-02-22,0.0
2017-02-23,0.0
2017-02-27,0.0
2017-02-28,0.0
2017-03-01,0.0
2017-03-02,0.0
2017-03-03,0.0
2017-03-06,0.0
2017-03-07,0.0
2017-03-08,0.0
2017-03-09,0.0
2017-03-10,0.0
2017-03-14,0.0
2017-03-15,0.0
2017-03-16,0.0
2017-03-17,0.0
2017-03-20,0.0
2017-03-21,0.0
2017-03-22,0.0
2017-03-23,0.0
2017-03-24,0.0
2017-03-27,0.0
2017-03-28,0.0
2017-03-29,0.0
2017-03-30,0.0
2017-03-31,0.0
2017-04-03,0.0
2017-04-05,0.0
2017-04-06,0.0
2017-04-07,0.0
2017-04-10,0.0
2017-04-11,0.0
2017-04-12,0.0
2017-04-13,0.0
2017-04-17,0.0
2017-04-18,0.0
2017-04-19,0.0
2017-04-20,0.0
2017-04-21,0.0
2017-04-24,0.0
2017-04-25,0.0
2017-04-26,0.0
2017-04-27,0.0
2017-04-28,0.0
2017-05-02,0.0
2017-05-03,0.0
2017-05-04,0.0
2017-05-05,0.0
2017-05-08,0.0
2017-05-09,0.0
2017-05-10,0.0
2017-05-11,0.0
2017-05-12,0.0
2017-05-15,0.0
2017-05-16,0.0
2017-05-17,0.0
2017-05-18,0.0
2017-05-19,0.0
2017-05-22,0.0
2017-05-23,0.0
2017-05-24,0.0
2017-05-25,0.0
2017-05-26,0.0
2017-05-29,0.0
2017-05-30,0.0
2017-05-31,0.0
2017-06-01,0.0
2017-06-02,0.0
2017-06-05,0.0
2017-06-06,0.0
2017-06-07,0.0
2017-06-08,0.0
2017-06-09,0.0
2017-06-12,0.0
2017-06-13,0.0
2017-06-14,0.0
2017-06-15,0.0
2017-06-16,0.0
2017-06-19,0.0
2017-06-20,0.0
2017-06-21,0.0
2017-06-22,0.0
2017-06-23,0.0
2017-06-27,0.0
2017-06-28,0.0
2017-06-29,0.0
2017-06-30,0.0
2017-07-03,0.0
2017-07-04,0.0
2017-07-05,0.0
2017-07-06,0.0
2017-07-07,0.0
2017-07-10,0.0
2017-07-11,0.0
2017-07-12,0.0
2017-07-13,0.0
2017-07-14,0.0
2017-07-17,0.0
2017-07-18,0.0
2017-07-19,0.0
2017-07-20,0.0
2017-07-21,0.0
2017-07-24,0.0
2017-07-25,0.0
2017-07-26,0.0
2017-07-27,0.0
2017-07-28,0.0
2017-07-31,0.0
2017-08-01,0.0
2017-08-02,0.0
2017-08-03,0.0
2017-08-04,0.0
2017-08-07,0.0
2017-08-08,0.0
2017-08-09,0.0
2017-08-10,0.0
2017-08-11,0.0
2017-08-14,0.0
2017-08-16,0.0
2017-08-17,0.0
2017-08-18,0.0
2017-08-21,0.0
2017-08-22,0.0
2017-08-23,0.0
2017-08-24,0.0
2017-08-28,0.0
2017-08-29,0.0
2017-08-30,0.0
2017-08-31,0.0
2017-09-01,0.0
2017-09-04,0.0
2017-09-05,0.0
2017-09-06,0.0
2017-09-07,0.0
2017-09-08,0.0
2017-09-11,0.0
2017-09-12,0.0
2017-09-13,0.0
2017-09-14,0.0
2017-09-15,0.0
2017-09-18,0.0
2017-09-19,0.0
2017-09-20,0.0
2017-09-21,0.0
2017-09-22,0.0
2017-09-25,0.0
2017-09-26,0.0
2017-09-27,0.0
2017-09-28,0.0
2017-09-29,0.0
2017-10-03,0.0
2017-10-04,0.0
2017-10-05,0.0
2017-10-06,0.0
2017-10-09,0.0
2017-10-10,0.0
2017-10-11,0.0
2017-10-12,0.0
2017-10-13,0.0
2017-10-16,0.0
2017-10-17,0.0
2017-10-18,0.0
2017-10-19,0.0
2017-10-23,0.0
2017-10-24,0.0
2017-10-25,0.0
2017-10-26,0.0
2017-10-27,0.0
2017-10-30,0.0
2017-10-31,0.0
2017-11-01,0.0
2017-11-02,0.0
2017-11-03,0.0
2017-11-06,0.0
2017-11-07,0.0
2017-11-08,0.0
2017-11-09,0.0
2017-11-10,0.0
2017-11-13,0.0
2017-11-14,0.0
2017-11-15,0.0
2017-11-16,0.0
2017-11-17,0.0
2017-11-20,0.0
2017-11-21,0.0
2017-11-22,0.0
2017-11-23,0.0
2017-11-24,0.0
2017-11-27,0.0
2017-11-28,0.0
2017-11-29,0.0
2017-11-30,0.0
2017-12-01,0.0
2017-12-04,0.0
2017-12-05,0.0
2017-12-06,0.0
2017-12-07,0.0
2017-12-08,0.0
2017-12-11,0.0
2017-12-12,0.0
2017-12-13,0.0
2017-12-14,0.0
2017-12-15,0.0
2017-12-18,0.0
2017-12-19,0.0
2017-12-20,0.0
2017-12-21,0.0
2017-12-22,0.0
2017-12-26,0.0
2017-12-27,0.0
2017-12-28,0.0
2017-12-29,0.0
2018-01-01,0.0
2018-01-02,0.0
2018-01-03,0.0
2018-01-04,0.0
2018-01-05,0.0
2018-01-08,0.0
2018-01-09,0.0
2018-01-10,0.0
2018-01-11,0.0
2018-01-12,0.0
2018-01-15,0.0
2018-01-16,0.0
2018-01-17,0.0
2018-01-18,0.0
2018-01-19,0.0
2018-01-22,0.0
2018-01-23,0.0
2018-01-24,0.0
2018-01-25,0.0
2018-01-29,0.0
2018-01-30,0.0
2018-01-31,0.0
2018-02-01,0.0
2018-02-02,0.0
2018-02-05,0.0
2018-02-06,0.0
2018-02-07,0.0
2018-02-08,0.0
2018-02-09,0.0
2018-02-12,0.0
2018-02-14,0.0
2018-02-15,0.0
2018-02-16,0.0
2018-02-19,0.0
2018-02-20,0.0
2018-02-21,0.0
2018-02-22,0.0
2018-02-23,0.0
2018-02-26,0.0
2018-02-27,0.0
2018-02-28,0.0
2018-03-01,0.0
2018-03-05,0.0
2018-03-06,0.0
2018-03-07,0.0
2018-03-08,0.0
2018-03-09,0.0
2018-03-12,0.0
2018-03-13,0.0
2018-03-14,0.0
2018-03-15,0.0
2018-03-16,0.0
2018-03-19,0.0
2018-03-20,0.0
2018-03-21,0.0
2018-03-22,0.0
2018-03-23,0.0
2018-03-26,0.0
2018-03-27,0.0
2018-03-28,0.0
2018-04-02,0.0
2018-04-03,0.0
2018-04-04,0.0
2018-04-05,0.0
2018-04-06,0.0
2018-04-09,0.0
2018-04-10,0.0
2018-04-11,0.0
2018-04-12,0.0
2018-04-13,0.0
2018-04-16,0.0
2018-04-17,0.0
2018-04-18,0.0
2018-04-19,0.0
2018-04-20,0.0
2018-04-23,0.0
2018-04-24,0.0
2018-04-25,0.0
2018-04-26,0.0
2018-04-27,0.0
2018-04-30,0.0
2018-05-02,0.0
2018-05-03,0.0
2018-05-04,0.0
2018-05-07,0.0
2018-05-08,0.0
2018-05-09,0.0
2018-05-10,0.0
2018-05-11,0.0
2018-05-14,0.0
2018-05-15,0.0
2018-05-16,0.0
2018-05-17,0.0
2018-05-18,0.0
2018-05-21,0.0
2018-05-22,0.0
2018-05-23,0.0
2018-05-24,0.0
2018-05-25,0.0
2018-05-28,0.0
2018-05-29,0.0
2018-05-30,0.0
2018-05-31,0.0
2018-06-01,0.0
2018-06-04,0.0
2018-06-05,0.0
2018-06-06,0.0
2018-06-07,0.0
2018-06-08,0.0
2018-06-11,0.0
2018-06-12,0.0
2018-06-13,0.0
2018-06-14,0.0
2018-06-15,0.0
2018-06-18,0.0
2018-06-19,0.0
2018-06-20,0.0
2018-06-21,0.0
2018-06-22,0.0
2018-06-25,0.0
2018-06-26,0.0
2018-06-27,0.0
2018-06-28,0.0
2018-06-29,0.0
2018-07-02,0.0
2018-07-03,0.0
2018-07-04,0.0
2018-07-05,0.0
2018-07-06,0.0
2018-07-09,0.0
2018-07-10,0.0
2018-07-11,0.0
2018-07-12,0.0
2018-07-13,0.0
2018-07-16,0.0
2018-07-17,0.0
2018-07-18,0.0
2018-07-19,0.0
2018-07-20,0.0
2018-07-23,0.0
2018-07-24,0.0
2018-07-25,0.0
2018-07-26,0.0
2018-07-27,0.0
2018-07-30,0.0
2018-07-31,0.0
2018-08-01,0.0
2018-08-02,0.0
2018-08-03,0.0
2018-08-06,0.0
2018-08-07,0.0
2018-08-08,0.0
2018-08-09,0.0
2018-08-10,0.0
2018-08-13,0.0
2018-08-14,0.0
2018-08-16,0.0
2018-08-17,0.0
2018-08-20,0.0
2018-08-21,0.0
2018-08-23,0.0
2018-08-24,0.0
2018-08-27,0.0
2018-08-28,0.0
2018-08-29,0.0
2018-08-30,0.0
2018-08-31,0.0
2018-09-03,0.0
2018-09-04,0.0
2018-09-05,0.0
2018-09-06,0.0
2018-09-07,0.0
2018-09-10,0.0
2018-09-11,0.0
2018-09-12,0.0
2018-09-14,0.0
2018-09-17,0.0
2018-09-18,0.0
2018-09-19,0.0
2018-09-21,0.0
2018-09-24,0.0
2018-09-25,0.0
2018-09-26,0.0
2018-09-27,0.0
2018-09-28,0.0
2018-10-01,0.0
2018-10-03,0.0
2018-10-04,0.0
2018-10-05,0.0
2018-10-08,0.0
2018-10-09,0.0
2018-10-10,0.0
2018-10-11,0.0
2018-10-12,0.0
2018-10-15,0.0
2018-10-16,0.0
2018-10-17,0.0
2018-10-19,0.0
2018-10-22,0.0
2018-10-23,0.0
2018-10-24,0.0
2018-10-25,0.0
2018-10-26,0.0
2018-10-29,0.0
2018-10-30,0.0
2018-10-31,0.0
2018-11-01,0.0
2018-11-02,0.0
2018-11-05,0.0
2018-11-06,0.0
2018-11-07,0.0
2018-11-09,0.0
2018-11-12,0.0
2018-11-13,0.0
2018-11-14,0.0
2018-11-15,0.0
2018-11-16,0.0
2018-11-19,0.0
2018-11-20,0.0
2018-11-21,0.0
2018-11-22,0.0
2018-11-26,0.0
2018-11-27,0.0
2018-11-28,0.0
2018-11-29,0.0
2018-11-30,0.0
2018-12-03,0.0
2018-12-04,0.0
2018-12-05,0.0
2018-12-06,0.0
2018-12-07,0.0
2018-12-10,0.0
2018-12-11,0.0
2018-12-12,0.0
2018-12-13,0.0
2018-12-14,0.0
2018-12-17,0.0
2018-12-18,0.0
2018-12-19,0.0
2018-12-20,0.0
2018-12-21,0.0
2018-12-24,0.0
2018-12-26,0.0
2018-12-27,0.0
2018-12-28,0.0
2018-12-31,0.0
2019-01-01,0.0
2019-01-02,0.0
2019-01-03,0.0
2019-01-04,0.0
2019-01-07,0.0
2019-01-08,0.0
2019-01-09,0.0
2019-01-10,0.0
2019-01-11,0.0
2019-01-14,0.0
2019-01-15,0.0
2019-01-16,0.0
2019-01-17,0.0
2019-01-18,0.0
2019-01-21,0.0
2019-01-22,0.0
2019-01-23,0.0
2019-01-24,0.0
2019-01-25,0.0
2019-01-28,0.0
2019-01-29,0.0
2019-01-30,0.0
2019-01-31,0.0
2019-02-01,0.0
2019-02-04,0.0
2019-02-05,0.0
2019-02-06,0.0
2019-02-07,0.0
2019-02-08,0.0
2019-02-11,0.0
2019-02-12,0.0
2019-02-14,0.0
2019-02-15,0.0
2019-02-18,0.0
2019-02-19,0.0
2019-02-20,0.0
2019-02-21,0.0
2019-02-22,0.0
2019-02-25,0.0
2019-02-26,0.0
2019-02-27,0.0
2019-02-28,0.0
2019-03-01,0.0
2019-03-05,0.0
2019-03-06,0.0
2019-03-07,0.0
2019-03-08,0.0
2019-03-11,0.0
2019-03-12,0.0
2019-03-13,0.0
2019-03-14,0.0
2019-03-15,0.0
2019-03-18,0.0
2019-03-19,0.0
2019-03-20,0.0
2019-03-22,0.0
2019-03-25,0.0
2019-03-26,0.0
2019-03-27,0.0
2019-03-28,0.0
2019-04-01,0.0
2019-04-02,0.0
2019-04-03,0.0
2019-04-04,0.0
2019-04-05,0.0
2019-04-08,0.0
2019-04-09,0.0
2019-04-10,0.0
2019-04-11,0.0
2019-04-12,0.0
2019-04-15,0.0
2019-04-16,0.0
2019-04-18,0.0
2019-04-22,0.0
2019-04-23,0.0
2019-04-24,0.0
2019-04-25,0.0
2019-04-26,0.0
2019-04-30,0.0
2019-05-02,0.0
2019-05-03,0.0
2019-05-06,0.0
2019-05-07,0.0
2019-05-08,0.0
2019-05-09,0.0
2019-05-10,0.0
2019-05-13,0.0
2019-05-14,0.0
2019-05-15,0.0
2019-05-16,0.0
2019-05-17,0.0
2019-05-20,0.0
2019-05-21,0.0
2019-05-22,0.0
2019-05-23,0.0
2019-05-24,0.0
2019-05-27,0.0
2019-05-28,0.0
2019-05-29,0.0
2019-05-30,0.0
2019-05-31,0.0
2019-06-03,0.0
2019-06-04,0.0
2019-06-06,0.0
2019-06-07,0.0
2019-06-10,0.0
2019-06-11,0.0
2019-06-12,0.0
2019-06-13,0.0
2019-06-14,0.0
2019-06-17,0.0
2019-06-18,0.0
2019-06-19,0.0
2019-06-20,0.0
2019-06-21,0.0
2019-06-24,0.0
2019-06-25,0.0
2019-06-26,0.0
2019-06-27,0.0
2019-06-28,0.0
2019-07-01,0.0
2019-07-02,0.0
2019-07-03,0.0
2019-07-04,0.0
2019-07-05,0.0
2019-07-08,0.0
2019-07-09,0.0
2019-07-10,0.0
2019-07-11,0.0
2019-07-12,0.0
2019-07-15,0.0
2019-07-16,0.0
2019-07-17,0.0
2019-07-18,0.0
2019-07-19,0.0
2019-07-22,0.0
2019-07-23,0.0
2019-07-24,0.0
2019-07-25,0.0
2019-07-26,0.0
2019-07-29,0.0
2019-07-30,0.0
2019-07-31,0.0
2019-08-01,0.0
2019-08-02,0.0
2019-08-05,0.0
2019-08-06,0.0
2019-08-07,0.0
2019-08-08,0.0
2019-08-09,0.0
2019-08-13,0.0
2019-08-14,0.0
2019-08-16,0.0
2019-08-19,0.0
2019-08-20,0.0
2019-08-21,0.0
2019-08-22,0.0
2019-08-23,0.0
2019-08-26,0.0
2019-08-27,0.0
2019-08-28,0.0
2019-08-29,0.0
2019-08-30,0.0
2019-09-03,0.0
2019-09-04,0.0
2019-09-05,0.0
2019-09-06,0.0
2019-09-09,0.0
2019-09-11,0.0
2019-09-12,0.0
2019-09-13,0.0
2019-09-16,0.0
2019-09-17,0.0
2019-09-18,0.0
2019-09-19,0.0
2019-09-20,0.0
2019-09-23,0.0
2019-09-24,0.0
2019-09-25,0.0
2019-09-26,0.0
2019-09-27,0.0
2019-09-30,0.0
2019-10-01,0.0
2019-10-03,0.0
2019-10-04,0.0
2019-10-07,0.0
2019-10-09,0.0
2019-10-10,0.0
2019-10-11,0.0
2019-10-14,0.0
2019-10-15,0.0
2019-10-16,0.0
2019-10-17,0.0
2019-10-18,0.0
2019-10-22,0.0
2019-10-23,0.0
2019-10-24,0.0
2019-10-25,0.0
2019-10-27,0.0
2019-10-29,0.0
2019-10-30,0.0
2019-10-31,0.0
2019-11-01,0.0
2019-11-04,0.0
2019-11-05,0.0
2019-11-06,0.0
2019-11-07,0.0
2019-11-08,0.0
2019-11-11,0.0
2019-11-13,0.0
2019-11-14,0.0
2019-11-15,0.0
2019-11-18,0.0
2019-11-19,0.0
2019-11-20,0.0
2019-11-21,0.0
2019-11-22,0.0
2019-11-25,0.0
2019-11-26,0.0
2019-11-27,0.0
2019-11-28,0.0
2019-11-29,0.0
2019-12-02,0.0
2019-12-03,0.0
2019-12-04,0.0
2019-12-05,0.0
2019-12-06,0.0
2019-12-09,0.0
2019-12-10,0.0
2019-12-11,0.0
2019-12-12,0.0
2019-12-13,0.0
2019-12-16,0.0
2019-12-17,0.0
2019-12-18,0.0
2019-12-19,0.0
2019-12-20,0.0
2019-12-23,0.0
2019-12-24,0.0
2019-12-26,0.0
2019-12-27,0.0
2019-12-30,0.0
2019-12-31,0.0
2020-01-01,0.0
2020-01-02,0.0
2020-01-03,0.0
2020-01-06,0.0
2020-01-07,0.0
2020-01-08,0.0
2020-01-09,0.0
2020-01-10,0.0
2020-01-13,0.0
2020-01-14,0.0
2020-01-15,0.0
2020-01-16,0.0
2020-01-17,0.0
2020-01-20,0.0
2020-01-21,0.0
2020-01-22,0.0
2020-01-23,0.0
2020-01-24,0.0
2020-01-27,0.0
2020-01-28,0.0
2020-01-29,0.0
2020-01-30,0.0
2020-01-31,0.0
2020-02-03,0.0
2020-02-04,0.0
2020-02-05,0.0
2020-02-06,0.0
2020-02-07,0.0
2020-02-10,0.0
2020-02-11,0.0
2020-02-12,0.0
2020-02-13,0.0
2020-02-14,0.0
2020-02-17,0.0
2020-02-18,0.0
2020-02-19,0.0
2020-02-20,0.0
2020-02-24,0.0
2020-02-25,0.0
2020-02-26,0.0
2020-02-27,0.0
2020-02-28,0.0
2020-03-02,0.0
2020-03-03,0.0
2020-03-04,0.0
2020-03-05,0.0
2020-03-06,0.0
2020-03-09,0.0
2020-03-11,0.0
2020-03-12,0.0
2020-03-13,0.0
2020-03-16,0.0
2020-03-17,0.0
2020-03-18,0.0
2020-03-19,0.0
2020-03-20,0.0
2020-03-23,0.0
2020-03-24,0.0
2020-03-25,0.0
2020-03-26,0.0
2020-03-27,0.0
2020-03-30,0.0
2020-03-31,0.0
2020-04-01,0.0
2020-04-03,0.0
2020-04-07,0.0
2020-04-08,0.0
2020-04-09,0.0
2020-04-13,0.0
2020-04-15,0.0
2020-04-16,0.0
2020-04-17,0.0
2020-04-20,0.0
2020-04-21,0.0
2020-04-22,0.0
2020-04-23,0.0
2020-04-24,0.0
2020-04-27,0.0
2020-04-28,0.0
2020-04-29,0.0
2020-04-30,0.0
2020-05-04,0.0
2020-05-05,0.0
2020-05-06,0.0
2020-05-07,0.0
2020-05-08,0.0
2020-05-11,0.0
2020-05-12,0.0
2020-05-13,0.0
2020-05-14,0.0
2020-05-15,0.0
2020-05-18,0.0
2020-05-19,0.0
2020-05-20,0.0
2020-05-21,0.0
2020-05-22,0.0
2020-05-26,0.0
2020-05-27,0.0
2020-05-28,0.0
2020-05-29,0.0
2020-06-01,0.0
2020-06-02,0.0
2020-06-03,0.0
2020-06-04,0.0
2020-06-05,0.0
2020-06-08,0.0
2020-06-09,0.0
2020-06-10,0.0
2020-06-11,0.0
2020-06-12,0.0
2020-06-15,0.0
2020-06-16,0.0
2020-06-17,0.0
2020-06-18,0.0
2020-06-19,0.0
2020-06-22,0.0
2020-06-23,0.0
2020-06-24,0.0
2020-06-25,0.0
2020-06-26,0.0
2020-06-29,0.0
2020-06-30,0.0
2020-07-01,0.0
2020-07-02,0.0
2020-07-03,0.0
2020-07-06,0.0
2020-07-07,0.0
2020-07-08,0.0
2020-07-09,0.0
2020-07-10,0.0
2020-07-13,0.0
2020-07-14,0.0
2020-07-15,0.0
2020-07-16,0.0
2020-07-17,0.0
2020-07-20,0.0
2020-07-21,0.0
2020-07-22,0.0
2020-07-23,0.0
2020-07-24,0.0
2020-07-27,0.0
2020-07-28,0.0
2020-07-29,0.0
2020-07-30,0.0
2020-07-31,0.0
2020-08-03,0.0
2020-08-04,0.0
2020-08-05,0.0
2020-08-06,0.0
2020-08-07,0.0
2020-08-10,0.0
2020-08-11,0.0
2020-08-12,0.0
2020-08-13,0.0
2020-08-14,0.0
2020-08-17,0.0
2020-08-18,0.0
2020-08-19,0.0
2020-08-20,0.0
2020-08-21,0.0
2020-08-24,0.0
2020-08-25,0.0
2020-08-26,0.0
2020-08-27,0.0
2020-08-28,0.0
2020-08-31,0.0
2020-09-01,0.0
2020-09-02,0.0
2020-09-03,0.0
2020-09-04,0.0
2020-09-07,0.0
2020-09-08,0.0
2020-09-09,0.0
2020-09-10,0.0
2020-09-11,0.0
2020-09-14,0.0
2020-09-15,0.0
2020-09-16,0.0
2020-09-17,0.0
2020-09-18,0.0
2020-09-21,0.0
2020-09-22,0.0
2020-09-23,0.0
2020-09-24,0.0
2020-09-25,0.0
2020-09-28,0.0
2020-09-29,0.0
2020-09-30,0.0
2020-10-01,0.0
2020-10-05,0.0
2020-10-06,0.0
2020-10-07,0.0
2020-10-08,0.0
2020-10-09,0.0
2020-10-12,0.0
2020-10-13,0.0
2020-10-14,0.0
2020-10-15,0.0
2020-10-16,0.0
2020-10-19,0.0
2020-10-20,0.0
2020-10-21,0.0
2020-10-22,0.0
2020-10-23,0.0
2020-10-26,0.0
2020-10-27,0.0
2020-10-28,0.0
2020-10-29,0.0
2020-10-30,0.0
2020-11-02,0.0
2020-11-03,0.0
2020-11-04,0.0
2020-11-05,0.0
2020-11-06,0.0
2020-11-09,0.0
2020-11-10,0.0
2020-11-11,0.0
2020-11-12,0.0
2020-11-13,0.0
2020-11-14,0.0
2020-11-17,0.0
2020-11-18,0.0
2020-11-19,0.0
2020-11-20,0.0
2020-11-23,0.0
2020-11-24,0.0
2020-11-25,0.0
2020-11-26,0.0
2020-11-27,0.0
2020-12-01,0.0
2020-12-02,0.0
2020-12-03,0.0
2020-12-04,0.0
2020-12-07,0.0
2020-12-08,0.0
2020-12-09,0.0
2020-12-10,0.0
2020-12-11,0.0
2020-12-14,0.0
2020-12-15,0.0
2020-12-16,0.0
2020-12-17,0.0
2020-12-18,0.0
2020-12-21,0.0
2020-12-22,0.0
2020-12-23,0.0
2020-12-24,0.0
2020-12-28,0.0
2020-12-29,0.0
2020-12-30,0.0
2020-12-31,0.0
2021-01-01,0.0
2021-01-04,0.0
2021-01-05,0.0
2021-01-06,0.0
2021-01-07,0.0
2021-01-08,0.0
2021-01-11,0.0
2021-01-12,0.0
2021-01-13,0.0
2021-01-14,0.0
2021-01-15,0.0
2021-01-18,0.0
2021-01-19,0.0
2021-01-20,0.0
2021-01-21,0.0
2021-01-22,0.0
2021-01-25,0.0
2021-01-27,0.0
2021-01-28,0.0
2021-01-29,0.0
2021-02-01,-0.0015
2021-02-02,0.01670074006205751
2021-02-03,0.021549784110630334
2021-02-04,0.023015249031285625
2021-02-05,0.00045741184206673493
2021-02-08,0.023618383016231356
2021-02-09,-0.004860634301367451
2021-02-10,0.006965380759825824
2021-02-11,0.013285271470987214
2021-02-12,-0.005374806453317827
2021-02-15,0.02157655038855477
2021-02-16,0.016503993489563683
2021-02-17,-0.010621237635249671
2021-02-18,0.018254501853535318
2021-02-19,-0.008889627142670276
2021-02-22,-0.0098052299449489
2021-02-23,0.027207166825140752
2021-02-24,0.016958286245380316
2021-02-25,0.027869217785554293
2021-02-26,-0.04950329951769117
2021-03-01,0.013777306559175865
2021-03-02,0.01774096010033266
2021-03-03,0.027575137879138324
2021-03-04,-0.00373396722310837
2021-03-05,-0.010584697166553924
2021-03-08,0.000229297982532373
2021-03-09,0.0042131486454571885
2021-03-10,0.0028402952283031807
2021-03-12,-0.012889234566261211
2021-03-15,-0.007248133101597554
2021-03-16,-0.0022686516527186786
2021-03-17,-0.020358000572717354
2021-03-18,-0.007718780823093452
2021-03-19,0.012125645904845283
2021-03-22,0.025181636177002132
2021-03-23,0.027201729844555534
2021-03-24,-0.02998460732654247
2021-03-25,-0.0218111734925156
2021-03-26,0.014972135326773106
2021-03-30,0.014146213610505144
2021-03-31,-0.008939947029220229
2021-04-01,0.04787577634328759
2021-04-05,0.005481131694479302
2021-04-06,0.020735361849230905
2021-04-07,0.0043958889898014775
2021-04-08,0.029913534876888036
2021-04-09,0.0004801751295791408
2021-04-12,-0.05344894859206848
2021-04-13,0.02854689671245541
2021-04-15,0.0025370609792795926
2021-04-16,0.00024966383978410923
2021-04-19,-0.014861587976871385
2021-04-20,-0.0010872874835226698
2021-04-22,0.017426084470846703
2021-04-23,-0.002433068025577945
2021-04-26,0.019043649406541352
2021-04-27,0.017719593792872114
2021-04-28,-0.00021053388237375365
2021-04-29,0.031848475674856117
2021-04-30,0.008308886472155844
2021-05-03,0.03580388172720217
2021-05-04,-0.003302634962111051
2021-05-05,-0.0028445203161347795
2021-05-06,0.02315751278762348
2021-05-07,0.03925250110433605
2021-05-10,0.018693164269466926
2021-05-11,-0.010453804546047274
2021-05-12,-0.028448131419042615
2021-05-14,-0.031214020606781898
2021-05-17,0.027577641560777803
2021-05-18,0.022164733343032775
2021-05-19,-0.01103247421810898
2021-05-20,-0.022968737167933108
2021-05-21,0.007837330305828873
2021-05-24,-0.010797115696351445
2021-05-25,0.004726663286416688
2021-05-26,-0.009941855366393849
2021-05-27,0.0037568931390995043
2021-05-28,0.007653942963632953
2021-05-31,0.01328770533035546
2021-06-01,0.007794766743191861
2021-06-02,0.028111970237405928
2021-06-03,0.005361418802020545
2021-06-04,0.015363835852308739
2021-06-07,-0.006516282762112046
2021-06-08,-0.00674151455471419
2021-06-09,-0.014351885470520177
2021-06-10,0.011765581845422845
2021-06-11,0.01782539285011786
2021-06-14,-0.008480037863950306
2021-06-15,0.002183540389238137
2021-06-16,-0.02905196622923585
2021-06-17,-0.020638181196411854
2021-06-18,0.005999525574591068
2021-06-21,0.005493085858877289
2021-06-22,0.007288261168772104
2021-06-23,-0.01545634164254044
2021-06-24,0.010739527376997949
2021-06-25,0.017053049781111707
2021-06-28,0.009112954632573134
2021-06-29,-0.010905644620512757
2021-06-30,-0.0049498767540142145
2021-07-01,-0.006595043418427849
2021-07-02,-0.012306706161584467
2021-07-05,0.001069138260213287
2021-07-06,0.005508516205972879
2021-07-07,0.01536342354486442
2021-07-08,-0.008121456778096614
2021-07-09,0.018558453041918856
2021-07-12,-0.001473614851537652
2021-07-13,-0.00034673219650298574
2021-07-14,0.015937728603140047
2021-07-15,0.007611064944573221
2021-07-16,5.609930153323002e-05
2021-07-19,-0.0002355163630864748
2021-07-20,-0.011354726071931465
2021-07-22,0.03226696751236417
2021-07-23,0.0030651936411298926
2021-07-26,0.01416657542941171
2021-07-27,0.007462792402028428
2021-07-28,0.005694983046362824
2021-07-29,0.022768803023641416
2021-07-30,-0.006941469755251251
2021-08-02,-0.002229513049478735
2021-08-03,0.00973442906823394
2021-08-04,0.0058982118259880215
2021-08-05,-0.001573126729839158
2021-08-06,-0.002114688274373222
2021-08-09,-0.0064560000144999515
2021-08-10,-0.014416946688036681
2021-08-11,0.01038477111912144
2021-08-12,1.8045476691464033e-05
2021-08-13,0.0016587033353469
2021-08-16,-0.002101714245912812
2021-08-17,-0.004113207495429049
2021-08-18,-0.004467022810343835
2021-08-20,-0.032088216376719284
2021-08-23,-0.006057361971849252
2021-08-24,0.016635690754476087
2021-08-25,-0.0031862253696405495
2021-08-26,-0.01211796924691646
2021-08-27,0.008773857205449521
2021-08-30,0.028971307662268013
2021-08-31,0.006226379012434081
2021-09-01,-0.012951260274009658
2021-09-02,0.004810950215776977
2021-09-03,0.004430429139145797
2021-09-06,0.0026369770010397087
2021-09-07,-0.012711292082300863
2021-09-08,-0.004452353889022676
2021-09-09,0.0009042080457993375
2021-09-13,0.00973125667601631
2021-09-14,-0.004984106933293697
2021-09-15,0.007948490433248835
2021-09-16,-0.004118496481793122
2021-09-17,-0.015320875596469018
2021-09-20,-0.05519418506576255
2021-09-21,0.024241784106454525
2021-09-22,0.010327024057131862
2021-09-23,0.02274232604402644
2021-09-24,-0.02985368319529527
2021-09-27,0.00015892199782481346
2021-09-28,-0.008452032300333468
2021-09-29,0.015049687442276905
2021-09-30,-0.00845498403431941
2021-10-01,-0.014459005900142553
2021-10-04,0.028752609202782952
2021-10-05,-0.003785874059961625
2021-10-06,-0.018640436413973192
2021-10-07,0.006157558612008396
2021-10-08,-0.00011586763587525606
2021-10-11,0.004301968415136948
2021-10-12,0.006447547351459405
2021-10-13,0.010500139283224817
2021-10-14,0.006643407772323662
2021-10-18,0.019379957175207886
2021-10-19,0.004403550555969459
2021-10-20,-0.019335727070120524
2021-10-21,-0.010888950919387554
2021-10-22,-0.015334114965789071
2021-10-25,0.0010299595247718054
2021-10-26,0.02395619148716599
2021-10-27,-0.014794879474609978
2021-10-28,-0.008621001443633093
2021-10-29,-0.016450142821115076
2021-11-01,0.011980099649878341
2021-11-02,-6.523665813373922e-06
2021-11-03,0.001608170390902508
2021-11-04,0.00474486976590045
2021-11-08,0.006133766634479443
2021-11-09,-0.005556299445816393
2021-11-10,-0.010439475993610304
2021-11-11,-0.003949159560630823
2021-11-12,0.0062449147929425144
2021-11-15,-0.004663020383537321
2021-11-16,-0.007623442174931673
2021-11-17,-0.005618406551507427
2021-11-18,-0.012675305946272687
2021-11-22,-0.015031536158260451
2021-11-23,0.013915523459439784
2021-11-24,0.004881793458437734
2021-11-25,-0.001970569284622403
2021-11-26,-0.01649154156300692
2021-11-29,0.0011094121717490023
2021-11-30,-0.002627803379246128
2021-12-01,0.02649747309121207
2021-12-02,0.00908992170792211
2021-12-03,0.0010852449495940334
2021-12-06,-0.01908178867986006
2021-12-07,0.020762712547847163
2021-12-08,0.019118928428032245
2021-12-09,0.0003818740620054493
2021-12-10,0.0014249309116530105
2021-12-13,-0.010366588394604316
2021-12-14,0.004306711102584671
2021-12-15,-0.009898781532110702
2021-12-16,-0.0024677611353529864
2021-12-17,-0.03137106034936639
2021-12-20,-0.03694911249374005
2021-12-21,0.012803273153001693
2021-12-22,0.01333892781485595
2021-12-23,0.010694901146103875
2021-12-24,-0.01081793609959354
2021-12-27,0.00010425303007084437
2021-12-28,0.007678031393472607
2021-12-29,-0.0025882645039233773
2021-12-30,0.0039061424072192714
2021-12-31,0.005204637524868153
2022-01-03,0.012348573894881133
2022-01-04,0.0058581708930140145
2022-01-05,0.018130368101435135
2022-01-06,-0.0008250724365556074
2022-01-07,-0.002174205329359791
2022-01-10,0.013158521014884707
2022-01-11,0.008611463871310376
2022-01-12,0.007913959029829765
2022-01-13,0.001879032115084489
2022-01-14,-0.0005481213189591828
2022-01-17,0.0022126216748310063
2022-01-18,-0.021765029454046347
2022-01-19,-0.010999741748967564
2022-01-20,0.00039805385467206553
2022-01-21,-0.018218596671812182
2022-01-24,-0.036426477281685556
2022-01-25,0.009132368168666716
2022-01-27,-0.014739835031653194
2022-01-28,0.010874694868152159
2022-01-31,0.005065891119403966
2022-02-01,0.013871478174009024
2022-02-02,0.019395644469658246
2022-02-03,-0.012456467514612579
2022-02-04,-0.0009630184883496543
2022-02-07,-0.017847895885042098
2022-02-08,-0.0022258731773380893
2022-02-09,0.019486301213356552
2022-02-10,0.005810899856493012
2022-02-11,-0.020042210380618042
2022-02-14,-0.021727947192528553
2022-02-15,0.030333164531025813
2022-02-16,-0.000880918782303963
2022-02-17,-0.0015597999334519223
2022-02-18,-0.005002879287978779
2022-02-21,-0.0028888859011276806
2022-02-22,-0.0026976067887276804
2022-02-23,0.002438984459367477
2022-02-24,-0.04646070230587433
2022-02-25,0.036506364447109085
2022-02-28,0.0015219001895774554
2022-03-02,0.020637257370449438
2022-03-03,-0.008822729623940862
2022-03-04,-0.015421851095950491
2022-03-07,-0.0013369489927796728
2022-03-08,-0.001881537080220807
2022-03-09,0.0009963147673686785
2022-03-10,0.017448730817583514
2022-03-11,0.010352724271064062
2022-03-14,0.0002237543296187863
2022-03-15,-0.017148009362898155
2022-03-16,0.018434592706246946
2022-03-17,0.02458678905918923
2022-03-21,-0.01445099678728099
2022-03-22,0.013894754842031575
2022-03-23,-0.004329273648940647
2022-03-24,-0.003457668868618358
2022-03-25,-0.0020519195804797885
2022-03-28,-0.0024667182498067986
2022-03-29,0.0011739206184329777
2022-03-30,0.0011962159665713555
2022-03-31,-0.002321115333039845
2022-04-01,0.003848281803452469
2022-04-04,0.01698882240895756
2022-04-05,0.00527281164700264
2022-04-06,-0.0018677858261961554
2022-04-07,-0.008074031974942853
2022-04-08,0.006782153244323276
2022-04-11,-0.0011668001231367468
2022-04-12,-0.017834810394266397
2022-04-13,0.007112453701127341
2022-04-18,-0.002988445583523935
2022-04-19,0.0057724612763506945
2022-04-20,0.0054754607186992665
2022-04-21,0.010387895238047996
2022-04-22,-0.014140777122429893
2022-04-25,-0.018267667223007725
2022-04-26,0.003992585081236122
2022-04-27,-0.0026423521247976867
2022-04-28,0.0030406042317058235
2022-04-29,-0.016560168389728736
2022-05-02,-0.01719849894945793
2022-05-04,-0.02289316052017172
2022-05-05,0.01603950093296369
2022-05-06,-0.022193447037292514
2022-05-09,0.0004339720063564204
2022-05-10,-0.019209002619391402
2022-05-11,-0.013281049893705533
2022-05-12,-0.01854179236322895
2022-05-13,-0.01696697785586281
2022-05-16,-0.002340610794059916
2022-05-17,0.03761698140065071
2022-05-18,-0.007444681311828117
2022-05-19,-0.048469982876989004
2022-05-20,0.019924404938651823
2022-05-23,-0.0005275015310221452
2022-05-24,-0.023532602839175534
2022-05-25,-0.018943987503776127
2022-05-26,0.015915993409764927
2022-05-27,0.024667891386322485
2022-05-30,0.026508283265392896
2022-05-31,0.0025322969522816345
2022-06-01,0.006897182077033981
2022-06-02,0.012771938742757415
2022-06-03,-0.02349304258956735
2022-06-06,0.009570767569446215
2022-06-07,-0.005754869041415001
2022-06-08,-0.000992224742573278
2022-06-09,-0.006287671527877592
2022-06-10,-0.005210720084726473
2022-06-13,-0.03406563954282484
2022-06-14,0.01664259945472335
2022-06-15,0.005503948755067123
2022-06-16,-0.04072409543645208
2022-06-17,0.002581541246332387
2022-06-20,-0.010757894719447148
2022-06-21,0.03328438600182518
2022-06-22,-0.03364389875042997
2022-06-23,0.006654022204705368
2022-06-24,0.015136781825771762
2022-06-27,0.011068895665528
2022-06-28,0.003269485629172797
2022-06-29,-0.0018143807708841163
2022-06-30,-0.014415920452531216
2022-07-01,0.0153394714080755
2022-07-04,0.0006046568604887172
2022-07-05,0.005235042004823609
2022-07-06,0.010156530191224245
2022-07-07,0.02887347574788348
2022-07-08,-0.00655699221859698
2022-07-11,0.0028299674608942343
2022-07-12,-0.013442703401969115
2022-07-13,-0.00790607321954646
2022-07-14,-0.0023628329456110153
2022-07-15,-0.004390528540319693
2022-07-18,0.0368605104823999
2022-07-19,0.010941488283920275
2022-07-20,0.012414688180653388
2022-07-21,0.02864159825268775
2022-07-22,0.0018124182331830329
2022-07-25,0.008130470034155858
2022-07-26,0.0023844662871961297
2022-07-27,0.010977330058596513
2022-07-28,0.044947770018977096
2022-07-29,0.03865553300496987
2022-08-01,0.002398982754209757
2022-08-02,-0.005348442565116841
2022-08-03,0.003818989018226282
2022-08-04,0.0012827353647937082
2022-08-05,0.0004691677200826306
2022-08-08,0.007748127543243611
2022-08-10,-0.0016187374428615398
2022-08-11,0.0005180865499425204
2022-08-12,0.011725347104981923
2022-08-16,0.003002668928776098
2022-08-17,0.011488125369179937
2022-08-18,-0.0037037473389728284
2022-08-19,-0.006920760586115527
2022-08-22,-0.00884683138540967
2022-08-23,0.007847015985670436
2022-08-24,0.0032827674125291972
2022-08-25,0.0006484020249519552
2022-08-26,-0.003957692085249387
2022-08-29,-0.012033556133148493
2022-08-30,0.01507529817575768
2022-09-01,-0.01695270690142603
2022-09-02,-0.004244820123084914
2022-09-05,0.005172012949951932
2022-09-06,-0.0020294557713533613
2022-09-07,0.0044604724260162605
2022-09-08,0.0021771037569941368
2022-09-09,0.00022373505494965818
2022-09-12,0.009562470761940122
2022-09-13,0.010819625691892522
2022-09-14,-0.006251227190207298
2022-09-15,-0.015807677007029966
2022-09-16,-0.019086446573438366
2022-09-19,0.0020817274287259204
2022-09-20,0.020426981645082033
2022-09-21,0.0021121858607255906
2022-09-22,0.001572627346745903
2022-09-23,-0.0031606450833453264
2022-09-26,-0.017877083759798483
2022-09-27,-0.0017910958105603844
2022-09-28,0.00016679826912320214
2022-09-29,0.004705073695475748
2022-09-30,0.014025587024784295
2022-10-03,0.002691971789050297
2022-10-04,0.0301820687232746
2022-10-06,0.023355082182506662
2022-10-07,-0.003976692253168701
2022-10-10,-0.00715665101053966
2022-10-11,-0.019937451113952995
2022-10-12,0.00892408108177314
2022-10-13,-0.0006754966318734288
2022-10-14,-0.0049508736648157916
2022-10-17,-0.0024420477858232647
2022-10-18,0.010030257697525035
2022-10-19,-0.008711927884507299
2022-10-20,0.011294328650632623
2022-10-21,-0.0006855548827139788
2022-10-24,0.007256594019570351
2022-10-25,-0.0018170612317181425
2022-10-27,0.017300260745194994
2022-10-28,0.00018093480793961517
2022-10-31,0.0010770861661465476
2022-11-01,0.021711846104555968
2022-11-02,-0.007815246857949255
2022-11-03,0.004124756171272148
2022-11-04,0.01739309202579107
2022-11-07,0.0006492849375592464
2022-11-09,-0.0015788089778104196
2022-11-10,-0.011041387963443984
2022-11-11,0.005098786680645229
2022-11-14,-0.0015316870013877934
2022-11-15,0.0034191465377344304
2022-11-16,-0.008326783844811092
2022-11-17,0.0013472459948956187
2022-11-18,-0.002552308433092821
2022-11-21,-0.0009566601210988736
2022-11-22,0.008818750135381671
2022-11-23,-0.003651597783505567
2022-11-24,0.005129268463424431
2022-11-25,-0.0011365096778883639
2022-11-28,0.0037370211939319557
2022-11-29,0.003051200610371275
2022-11-30,0.0034423065603260495
2022-12-01,-0.0018251715835455153
2022-12-02,-0.012561808552844389
2022-12-05,-0.0014457230081447836
2022-12-06,-0.00299665087578429
2022-12-07,-0.010972340160617655
2022-12-08,0.0035228890140847737
2022-12-09,-0.0013940924343038398
2022-12-12,-0.004675229727163321
2022-12-13,0.0038949214485006992
2022-12-14,0.007569916209219985
2022-12-15,-0.013652972909749895
2022-12-16,-0.009258799428527097
2022-12-19,0.01859901360421361
2022-12-20,-0.009123776340127222
2022-12-21,-0.015674166865410878
2022-12-22,-0.010866824415928879
2022-12-23,-0.020080633948658
2022-12-26,0.012654514519835304
2022-12-27,0.008112504436172152
2022-12-28,0.006681669382543155
2022-12-29,0.0022325754721494785
2022-12-30,0.00598926591234905
2023-01-02,-0.004020817912476592
2023-01-03,-0.002616908591864253
2023-01-04,-0.0053285869215425
2023-01-05,0.003441595909481632
2023-01-06,-0.00948476302394985
2023-01-09,0.00979601506945551
2023-01-10,-0.025576394838469164
2023-01-11,-0.002515073916243482
2023-01-12,0.0008977164461746904
2023-01-13,0.013399273893244558
2023-01-16,-0.0076427351636378475
2023-01-17,0.00730574938797437
2023-01-18,-0.0009323636142510193
2023-01-19,-0.011409702304147019
2023-01-20,-0.005052789586303197
2023-01-23,0.0032199701663087055
2023-01-24,0.006933221107135946
2023-01-25,-0.01568030993903773
2023-01-27,-0.0765167137497612
2023-01-30,0.015309436764589268
2023-01-31,0.01467188237751145
2023-02-01,-0.1157404803899682
2023-02-02,-0.06292293592013025
2023-02-03,0.04431799520603322
2023-02-06,0.025374033129164066
2023-02-07,0.03748040981425258
2023-02-08,0.06611960234596972
2023-02-09,-0.016645340421110925
2023-02-10,-0.008448893309142868
2023-02-13,-0.029705353094057287
2023-02-14,0.012778609868468706
2023-02-15,0.007647449646674765
2023-02-16,0.004033394326410456
2023-02-17,-0.016206305395600664
2023-02-20,-0.015234034125252482
2023-02-21,-0.007458523188220379
2023-02-22,-0.04562317008868351
2023-02-23,-0.006500900540156108
2023-02-24,-0.003594034532138378
2023-02-27,-0.018514919781501105
2023-02-28,0.0302214013081731
2023-03-01,0.03820407849852372
2023-03-02,-0.0029713004570373733
2023-03-03,0.042540812045076634
2023-03-06,0.007921989563712439
2023-03-08,0.0053080054308080275
2023-03-09,-0.0053191981162946
2023-03-10,-0.008113697588526314
2023-03-13,-0.012443317319279789
2023-03-14,-0.019194336277082093
2023-03-15,0.01725772442602871
2023-03-16,-0.017562580440916235
2023-03-17,0.015511244898910714
2023-03-20,-0.022052734681908364
2023-03-21,0.010587765152407735
2023-03-22,0.007620757346828966
2023-03-23,0.002676640816211373
2023-03-24,-0.01715348893987434
2023-03-27,0.0021993566048363225
2023-03-28,-0.013553739578943102
2023-03-29,0.024859234598649454
2023-03-31,0.0072443343236001
2023-04-03,0.011969175757885387
2023-04-05,-0.00562650493953929
2023-04-06,0.013182845400992061
2023-04-10,-0.006627438097436534
2023-04-11,0.010157208826031062
2023-04-12,0.005083563647947353
2023-04-13,0.019546256168877243
2023-04-17,0.009104184531165483
2023-04-18,0.00203326486140627
2023-04-19,-0.0028881184810519277
2023-04-20,-0.004367951386494929
2023-04-21,-0.002522706190440838
2023-04-24,-0.004324798939200769
2023-04-25,0.018757494348189498
2023-04-26,0.002577348548168312
2023-04-27,0.011200258583139888
2023-04-28,0.011739677465340392
2023-05-02,-0.003673495225843324
2023-05-03,-0.013030928849468193
2023-05-04,0.014362236351949643
2023-05-05,-0.0023112659036391477
2023-05-08,0.0005521089731072236
2023-05-09,0.0041068571072589545
2023-05-10,-0.001210783925449044
2023-05-11,0.018921541544336163
2023-05-12,-0.0033968687970298735
2023-05-15,0.0018811697519101282
2023-05-16,-0.004230461312876499
2023-05-17,-0.003990081952645875
2023-05-18,-0.010488890817933472
2023-05-19,0.023158293654104378
2023-05-22,0.059466420431385614
2023-05-23,0.025492426361340456
2023-05-24,-0.016028960259951576
2023-05-25,0.006142901642745913
2023-05-26,0.010476661042155833
2023-05-29,0.0013777140617602375
2023-05-30,-0.0048032885113202806
2023-05-31,0.0011718775244070195
2023-06-01,0.0022626636156728884
2023-06-02,0.019621476447455512
2023-06-05,0.006385855376036821
2023-06-06,-0.0002234506108988116
2023-06-07,0.017618916573254362
2023-06-08,0.0036345943487262173
2023-06-09,-0.0029705590819009142
2023-06-12,5.2965177635089017e-05
2023-06-13,0.010085521941433306
2023-06-14,0.01071030554444148
2023-06-15,0.0033651725943312453
2023-06-16,0.009262894618070528
2023-06-19,-0.003289065378754996
2023-06-20,0.004198561281698998
2023-06-21,-0.006647040059695809
2023-06-22,0.0007108731876750653
2023-06-23,-0.008109224181414066
2023-06-26,0.005013886734677686
2023-06-27,0.007017248062687621
2023-06-28,0.014170156955076374
2023-06-30,0.005015854380188437
2023-07-03,-0.002095423608753455
2023-07-04,0.008140412792441598
2023-07-05,0.005939281555000542
2023-07-06,0.004410035566436821
2023-07-07,-0.01460349586649512
2023-07-10,0.002666673854495683
2023-07-11,0.006446488939724305
2023-07-12,-0.0032299493855403537
2023-07-13,-0.006098137524589164
2023-07-14,0.01368446830061585
2023-07-17,0.00859887932851693
2023-07-18,-0.0016187598469174173
2023-07-19,0.0029751951140804867
2023-07-20,0.007565163308353552
2023-07-21,-0.004905292567690123
2023-07-24,-0.009228753584551686
2023-07-25,0.0037217776004125455
2023-07-26,0.001529822890664234
2023-07-27,-0.015571923395750576
2023-07-28,0.003098548287175218
2023-07-31,0.010628889716459259
2023-08-01,0.003770943402136284
2023-08-02,-0.008162134773545637
2023-08-03,0.009329019771412983
2023-08-04,0.0033562704025421387
2023-08-07,-2.503663358299768e-05
2023-08-08,-0.010789917387764202
2023-08-09,0.007095924061318603
2023-08-10,0.0023452120446591624
2023-08-11,0.002281862252135136
2023-08-14,-0.01140328562103512
2023-08-16,-0.0033825352842520758
2023-08-17,0.009809022277662338
2023-08-18,0.018441991235994017
2023-08-21,0.010977249027732873
2023-08-22,0.0023434849915767494
2023-08-23,-0.017758128698121434
2023-08-24,-0.0016116698058242342
2023-08-25,-0.011012442651008047
2023-08-28,-0.0031814961725566307
2023-08-29,0.009970571350178759
2023-08-30,0.005479488412647271
2023-08-31,-0.023171320464408392
2023-09-01,0.00913984617463717
2023-09-04,0.006149657314172785
2023-09-05,0.004037524171461171
2023-09-06,0.0035901021063936556
2023-09-07,0.004735860104199619
2023-09-08,0.01011101479992842
2023-09-11,0.015682669452910282
2023-09-12,-0.017940746866476443
2023-09-13,0.005662763488449562
2023-09-14,0.0009240127228555385
2023-09-15,0.001103759174515329
2023-09-18,0.009403450644597267
2023-09-20,-0.01422665466791646
2023-09-21,-0.004654354663687599
2023-09-22,0.0021022240814197127
2023-09-25,-0.0029431355244551095
2023-09-26,0.0033575659813991354
2023-09-27,-0.0016720042503461931
2023-09-28,-0.010335841848849569
2023-09-29,0.005931723708549398
2023-10-03,-0.010730053331714527
2023-10-04,0.004349142601993218
2023-10-05,0.0018303587170886537
2023-10-06,0.0025019810723773796
2023-10-09,-0.013468481788719424
2023-10-10,0.006828342825965717
2023-10-11,0.004951714311692901
2023-10-12,0.0010705547446410836
2023-10-13,-0.004711679470439801
2023-10-16,-0.004226821013821991
2023-10-17,0.006827843492117092
2023-10-18,0.0016221716059170665
2023-10-19,-0.0003933434219824505
2023-10-20,-0.0028853732887353044
2023-10-23,-0.018816850333417113
2023-10-25,-0.01373847220776896
2023-10-26,-0.020337459964861138
2023-10-27,0.010739237425830295
2023-10-30,0.00921250742756241
2023-10-31,0.002618657273889993
2023-11-01,-0.011359753473756817
2023-11-02,0.011566050553164531
2023-11-03,0.01443026911046359
2023-11-06,0.009923464562171523
2023-11-07,0.0004826219199820514
2023-11-08,0.00010085141117304169
2023-11-09,0.0001590350147931737
2023-11-10,0.0003114603205944367
2023-11-13,0.0015476805908379407
2023-11-15,0.021106725462574128
2023-11-16,0.00891586069100092
2023-11-17,0.002982128759422831
2023-11-20,-0.005553979879448724
2023-11-21,0.009784315837392144
2023-11-22,-0.0008319237085185672
2023-11-23,-0.00024544658885428117
2023-11-24,0.00023426227957823497
2023-11-28,0.021782134297265235
2023-11-29,0.005182137353435668
2023-11-30,-0.0022120198744272047
2023-12-01,0.008859125409434988
2023-12-04,0.029367465759450085
2023-12-05,0.03149887803372707
2023-12-06,-0.0017089545670917698
2023-12-07,0.00037199948517374626
2023-12-08,-0.010719241901306378
2023-12-11,0.0024014019604681196
2023-12-12,-0.002858197412844077
2023-12-13,0.005098108527080859
2023-12-14,0.013230312600424043
2023-12-15,0.009891023751572936
2023-12-18,-0.0019096059589834623
2023-12-19,0.005164962472444513
2023-12-20,-0.0180468917225642
2023-12-21,-0.0025838093953742597
2023-12-22,0.0016012795096623567
2023-12-26,0.0035645583084534587
2023-12-27,0.003268765092931592
2023-12-28,0.006460674338105533
2023-12-29,8.087514813597202e-05
2024-01-01,0.004924854594094775
2024-01-02,0.005326530226247784
2024-01-03,-0.008052748329219761
2024-01-04,0.009050284286698273
2024-01-05,0.0027349984830038255
2024-01-08,-0.008136326451351074
2024-01-09,0.0033327071318563157
2024-01-10,0.0014148348997586881
2024-01-11,-0.007091093318732189
2024-01-12,-0.0021983541908090045
2024-01-15,-0.0070197408741718755
2024-01-16,-0.003536212324593513
2024-01-17,-0.008738985407412093
2024-01-18,-0.006957919488726705
2024-01-19,0.012148989401878873
2024-01-23,-0.02879923574507761
2024-01-24,0.013741984671297657
2024-01-25,-0.007984806457547422
2024-01-29,0.010103596187422693
2024-01-30,-0.015265952168476394
2024-01-31,0.014726809132726598
2024-02-01,-0.000325102686417722
2024-02-02,-0.002954269908025187
2024-02-05,-0.01329297619324954
2024-02-06,0.007528458951843687
2024-02-07,0.009538434782890206
2024-02-08,-0.020668875783525945
2024-02-09,0.00259088137106609
2024-02-12,-0.011947654826347565
2024-02-13,0.009490008956281538
2024-02-14,0.0011089495554776005
2024-02-15,0.005517814725514958
2024-02-16,0.005021723350071228
2024-02-19,-0.002011035120596017
2024-02-20,0.011384472243613386
2024-02-21,-0.006786049379098192
2024-02-22,-0.006772405676905558
2024-02-23,-0.00033348320723596307
2024-02-26,-0.012623923281769023
2024-02-27,0.0019006257594368357
2024-02-28,-0.014047455509051643
2024-02-29,0.00324641679426543
2024-03-01,0.02108589431626129
2024-03-04,0.008351721582568472
2024-03-05,-0.009416882700628126
2024-03-06,0.00038263054473002336
2024-03-07,0.008665372668309468
2024-03-11,-0.004007596856318463
2024-03-12,-0.008585772970784
2024-03-13,-0.03179700644476571
2024-03-14,0.02164073765342534
2024-03-15,0.006512322120005543
2024-03-18,-0.003977650207564553
2024-03-19,-0.006878592736747468
2024-03-20,-0.0009803959617686211
2024-03-21,0.013791365365739017
2024-03-22,0.0180493851410747
2024-03-26,0.008862641897144741
2024-03-27,0.0014177980321454116
2024-03-28,0.02115998844166831
2024-04-01,0.0010539139225939323
2024-04-02,0.00645506499374009
2024-04-03,-0.0026473139992868374
2024-04-04,0.002381664087953128
2024-04-05,-0.0023905911123130565
2024-04-08,0.0016461995958985784
2024-04-09,-0.006310576721493778
2024-04-10,0.01595547855069728
2024-04-12,-0.007255648913653223
2024-04-15,-0.016260923475267353
2024-04-16,-0.01285305313530054
2024-04-18,-0.013350182901459794
2024-04-19,0.0022811019125750236
2024-04-22,0.018825801826650546
2024-04-23,0.0010115090776793068
2024-04-24,-0.013430953842911176
2024-04-25,0.00943891763189453
2024-04-26,-0.0009856744028601484
2024-04-29,-0.0019007283431030863
2024-04-30,-0.00408051135134506
2024-05-02,0.0039226679409767535
2024-05-03,-0.0073944391828802535
2024-05-06,-0.013005510093099495
2024-05-07,-0.011068312233565882
2024-05-08,0.003293824696677893
2024-05-09,-0.007913614760800793
2024-05-10,0.007084867241653069
2024-05-13,0.023193588633492548
2024-05-14,0.014379164703226668
2024-05-15,0.011409592094328768
2024-05-16,0.008204675540115614
2024-05-17,-0.007500571979197314
2024-05-21,0.017280332299425338
2024-05-22,0.0038773841508011
2024-05-23,0.03360345259840351
2024-05-24,-0.006556818998263437
2024-05-27,-0.0046594066214874505
2024-05-28,-0.0022901601144944103
2024-05-29,0.0018408679613177716
2024-05-30,-0.014771547810383902
2024-05-31,0.013937014623106685
2024-06-03,0.049316037664140125
2024-06-04,-0.09440786324148268
2024-06-05,0.026629861169103375
2024-06-06,0.014509894970007497
2024-06-07,0.0355702607358976
2024-06-10,-0.00274893971496839
2024-06-11,0.013674751355481374
2024-06-12,0.004266197554312946
2024-06-13,0.009697839506848105
2024-06-14,0.001933378505520378
2024-06-18,0.011648681479627634
2024-06-19,-0.017209146887571115
2024-06-20,-0.002744230890294097
2024-06-21,-0.005991168665721513
2024-06-24,0.0010384866627550558
2024-06-25,-0.007072203181955583
2024-06-26,0.001897154618819741
2024-06-27,0.01818741591351645
2024-06-28,0.00803723713162392
2024-07-01,-0.0004062878823214199
2024-07-02,0.001230177781108277
2024-07-03,0.011027591914420999
2024-07-04,-0.0025941224162083555
2024-07-05,0.011061494022305142
2024-07-08,-0.0018634362760682425
2024-07-09,-0.0002834328128507924
2024-07-10,-0.0002869223815563872
2024-07-11,0.010704799710718317
2024-07-12,-0.0017855730916291224
2024-07-15,0.015506603258769892
2024-07-16,0.013086869885108678
2024-07-18,0.002405338036740968
2024-07-19,-0.03200291330153526
2024-07-22,0.004372444089658223
2024-07-23,-0.0022303991587605547
2024-07-24,0.007442223641355006
2024-07-25,0.017848616621316184
2024-07-26,0.02023580046331546
2024-07-29,0.008567514000941
2024-07-30,0.010541655562182384
2024-07-31,0.007403592900487845
2024-08-01,0.009472260518108901
2024-08-02,-0.02483495654213659
2024-08-05,-0.04025892068590786
2024-08-06,-0.002510832567072985
2024-08-07,0.031143205018062982
2024-08-08,-0.011694749230986921
2024-08-09,0.010579088025095109
2024-08-12,0.00171730651276869
2024-08-13,-0.012134976897741345
2024-08-14,-0.014650969707806282
2024-08-16,0.020618434382339325
2024-08-19,0.014782662953326598
2024-08-20,0.005723771523592603
2024-08-21,0.008090713747237466
2024-08-22,-0.0001775556481631303
2024-08-23,0.0015795742500864353
2024-08-26,0.009744610654415365
2024-08-27,-0.004373276967162831
2024-08-28,-0.007046338121155361
2024-08-29,-0.0015430637652808616
2024-08-30,-0.0010960594342837029
2024-09-02,-0.0037648845107396845
2024-09-03,-0.0031887355188749966
2024-09-04,-0.011998625768600269
2024-09-05,-0.0020658943290905894
2024-09-06,-0.018720128726677412
2024-09-09,-0.005206532161142952
2024-09-10,0.0062092372784874564
2024-09-11,-0.014564189364206538
2024-09-12,0.024127036614172637
2024-09-13,-0.0033840682015668483
2024-09-16,0.0003666433567901307
2024-09-17,-0.007010728748055662
2024-09-18,-0.001924317994284097
2024-09-19,-0.009644243196407023
2024-09-20,0.015440601419689904
2024-09-23,0.01646080980461764
2024-09-24,0.012424941004681323
2024-09-25,0.0006752001736119117
2024-09-26,0.011479104850683442
2024-09-27,0.003435871845460614
2024-09-30,-0.004991793706025137
2024-10-01,0.0037235921687490906
2024-10-03,-0.013230876064779351
2024-10-04,-0.0011739307140195886
2024-10-07,-0.0314270356264843
2024-10-08,0.029118016571781168
2024-10-09,-0.0031900574780033162
2024-10-10,0.0031526359518609494
2024-10-11,0.0016898657237713667
2024-10-14,-0.0026252222579552288
2024-10-15,-0.001973779320065261
2024-10-16,-0.0016114276270370322
2024-10-17,-0.009605045454808293
2024-10-18,0.005235314794581658
2024-10-21,-0.017635509086197043
2024-10-22,-0.026595889158398167
2024-10-23,-0.0010760523349543356
2024-10-24,0.003916217120698562
2024-10-25,-0.028879825868744203
2024-10-28,0.006768409796476437
2024-10-29,0.019885410014803998
2024-10-30,0.008524002247962726
2024-10-31,-0.001402044818167213
2024-11-01,0.010574482271120811
2024-11-04,-0.021858580100624605
2024-11-05,0.009981941485141888
2024-11-06,0.011357123758274912
2024-11-07,-0.010666915764871332
2024-11-08,-0.009316095965768746
2024-11-11,-0.004886677994381983
2024-11-12,-0.00938706825880493
2024-11-13,-0.018874303863726596
2024-11-14,-0.012385101966408164
2024-11-18,-0.004533522421217385
2024-11-19,0.001772803308358828
2024-11-21,-0.04218609952343666
2024-11-22,0.016637012404420573
2024-11-25,0.025494008727948495
2024-11-26,-0.012791426026806519
2024-11-27,0.013594641861703984
2024-11-28,-0.011349084940455213
2024-11-29,0.009235625597698994
2024-12-02,0.006154916659600242
2024-12-03,0.01858333522065099
2024-12-04,-0.004108207248093843
2024-12-05,0.0022453033860821317
2024-12-06,-0.0013459613978644039
2024-12-09,0.00221077727581005
2024-12-10,-0.006381148686858485
2024-12-11,0.0009998700542782181
2024-12-12,-0.003525314801144885
2024-12-13,0.005137683749803125
2024-12-16,-0.007800847608601847
2024-12-17,-0.012638565991422834
2024-12-18,-0.011739098302473617
2024-12-19,-0.003036031299304987
2024-12-20,-0.01521069255697969
2024-12-23,0.0014994481614481582
2024-12-24,0.0010764817130935345
2024-12-26,0.01654408108658816
2024-12-27,-0.002445778822005873
2024-12-30,0.01426166809729039
2024-12-31,-0.004029026776172761
